sourceCode,sourceName,sourceFrequency,sourceAutoAssignedConceptIds,matchScore,mappingStatus,targetConceptId,targetConceptName,targetVocabularyId,targetDomainId,targetStandardConcept,targetChildCount,targetParentCount,targetConceptClassId,targetConceptCode,targetValidStartDate,targetValidEndDate,targetInvalidReason
18917114,PUERTO RICO,-1,,1.0,APPROVED,4072763,Puerto Rico,SNOMED,Observation,S,0,1,Location,223707000,19700101,20991231,
18916442,GUADELOUPE,-1,,0.7753443717956543,APPROVED,4071715,Guadeloupe island,SNOMED,Observation,S,0,1,Location,223379000,19700101,20991231,
446993936,SOUTH SUDAN,-1,,0.7227088212966919,UNCHECKED,4075198,Sudan,SNOMED,Observation,S,0,1,Location,223518003,19700101,20991231,
14579252,UNKNOWN,-1,,0.3893657326698303,UNCHECKED,4127364,Town environment,SNOMED,Observation,S,0,1,Location,288521009,19700101,20991231,
14682738,ROMANIA,-1,,1.0,APPROVED,4330431,Romania,SNOMED,Observation,S,0,1,Location,223655008,19700101,20991231,
14579259,INDIA,-1,,1.0,APPROVED,4320154,India,SNOMED,Observation,S,0,1,Location,223600005,19700101,20991231,
18917118,REUNION,-1,,1.0,APPROVED,4075063,Reunion,SNOMED,Observation,S,0,2,Location,223397008,19700101,20991231,
140865207,"UNITED KINGDOM, NFD",-1,,0.44508448243141174,APPROVED,4072900,United Kingdom of Great Britain and Northern Ireland,SNOMED,Observation,S,0,1,Location,223860005,19700101,20991231,
18917121,RWANDA,-1,,1.0,APPROVED,4075201,Rwanda,SNOMED,Observation,S,0,1,Location,223527002,19700101,20991231,
14690533,EGYPT,-1,,1.0,APPROVED,4073737,Egypt,SNOMED,Observation,S,0,1,Location,223511009,19700101,20991231,
14580905,DENMARK,-1,,1.0,APPROVED,4330435,Denmark,SNOMED,Observation,S,0,1,Location,223663009,19700101,20991231,
140880667,PITCAIRN ISLANDS,-1,,0.5376745462417603,UNCHECKED,4073887,Ionian island,SNOMED,Observation,S,5,1,Location,223824000,19700101,20991231,
18917124,SAN MARINO,-1,,1.0,APPROVED,4320171,San Marino,SNOMED,Observation,S,0,1,Location,223677007,19700101,20991231,
14691221,SINGAPORE,-1,,1.0,APPROVED,4320306,Singapore,SNOMED,Observation,S,0,1,Location,223593008,19700101,20991231,
140881064,GUERNSEY,-1,,1.0,APPROVED,4073034,Guernsey,SNOMED,Observation,S,0,1,Location,223380002,19700101,20991231,
14581177,EL SALVADOR,-1,,1.0,APPROVED,4075637,El Salvador,SNOMED,Observation,S,0,1,Location,223692008,19700101,20991231,
18917128,SAO TOME AND PRINCIPE,-1,,1.0,APPROVED,4071847,Sao Tome and Principe,SNOMED,Observation,S,0,1,Location,223566005,19700101,20991231,
18909364,BAHAMAS,-1,,1.0,APPROVED,4072759,Bahamas,SNOMED,Observation,S,0,1,Location,223699004,19700101,20991231,
140881320,JERSEY,-1,,1.0,APPROVED,4075059,Jersey,SNOMED,Observation,S,0,1,Location,223385007,19700101,20991231,
14692661,USSR (COMBINED STATES),-1,,0.25109735131263733,UNCHECKED,4073753,Colombia,SNOMED,Observation,S,0,1,Location,223717005,19700101,20991231,
140881629,ALAND ISLANDS,-1,,0.7722586989402771,APPROVED,4320323,Finland,SNOMED,Observation,S,0,1,Location,223665002,19700101,20991231,
18917132,SAUDI ARABIA,-1,,1.0,APPROVED,4330417,Saudi Arabia,SNOMED,Observation,S,0,1,Location,223616007,19700101,20991231,
14695509,BELGIUM,-1,,1.0,APPROVED,4330433,Belgium,SNOMED,Observation,S,0,1,Location,223660007,19700101,20991231,
18909366,CAPE VERDE,-1,,0.667754590511322,APPROVED,4075210,Cape Verde islands,SNOMED,Observation,S,0,1,Location,223555003,19700101,20991231,
140881884,MONTENEGRO,-1,,1.0,APPROVED,40483631,Montenegro,SNOMED,Observation,S,0,1,Location,442522008,20090731,20991231,
18917136,SENEGAL,-1,,1.0,APPROVED,4071848,Senegal,SNOMED,Observation,S,0,1,Location,223567001,19700101,20991231,
18909368,CAYMAN ISLANDS,-1,,0.6710766553878784,APPROVED,4206402,British Overseas Territories,SNOMED,Observation,S,8,1,Location,439767004,20090131,20991231,
14699029,THAILAND,-1,,1.0,APPROVED,4320152,Thailand,SNOMED,Observation,S,0,1,Location,223594002,19700101,20991231,
140883149,SERBIA,-1,,0.5356549024581909,APPROVED,40480046,Republic of Serbia,SNOMED,Observation,S,0,1,Location,441670006,20090731,20991231,
18917137,SIERRA LEONE,-1,,1.0,APPROVED,4320148,Sierra Leone,SNOMED,Observation,S,0,1,Location,223568006,19700101,20991231,
14699259,CHILE,-1,,1.0,APPROVED,4073752,Chile,SNOMED,Observation,S,0,1,Location,223716001,19700101,20991231,
18909386,CONGO,-1,,1.0,APPROVED,4072108,Congo,SNOMED,Observation,S,0,1,Location,223524009,19700101,20991231,
140883347,KOSOVO,-1,,0.09246081858873367,UNCHECKED,4072011,Hong Kong,SNOMED,Observation,S,0,1,Location,223382005,19700101,20991231,
18909390,CUBA,-1,,1.0,APPROVED,4075639,Cuba,SNOMED,Observation,S,0,1,Location,223701004,19700101,20991231,
18917141,SLOVAKIA,-1,,1.0,APPROVED,4329598,Slovakia,SNOMED,Observation,S,0,1,Location,223641000,19700101,20991231,
14710924,MAURITIUS,-1,,1.0,APPROVED,4072751,Mauritius,SNOMED,Observation,S,0,1,Location,223541006,19700101,20991231,
18916379,FAROE ISLANDS,-1,,0.6573631167411804,APPROVED,4330435,Denmark,SNOMED,Observation,S,0,1,Location,223663009,19700101,20991231,
14710953,JORDAN,-1,,1.0,APPROVED,4320158,Jordan,SNOMED,Observation,S,0,1,Location,223610001,19700101,20991231,
18917144,SOLOMON ISLANDS,-1,,1.0,APPROVED,4329594,Solomon islands,SNOMED,Observation,S,0,1,Location,223627009,19700101,20991231,
140883523,SPANISH NORTH AFRICA,-1,,0.6027634143829346,APPROVED,4073736,North African country,SNOMED,Observation,S,5,1,Location,223509000,19700101,20991231,
18916382,FALKLAND ISLANDS,-1,,1.0,APPROVED,4075800,Falkland islands,SNOMED,Observation,S,2,2,Location,223992005,19700101,20991231,
14711867,TURKEY,-1,,0.6987343430519104,APPROVED,4133506,Turkey - country,SNOMED,Observation,S,0,1,Location,278900006,19700101,20991231,
18917148,SOMALIA,-1,,1.0,APPROVED,4075202,Somalia,SNOMED,Observation,S,0,1,Location,223528007,19700101,20991231,
18909377,COTE D'IVOIRE,-1,,1.0,APPROVED,4073746,Ivory Coast,SNOMED,Observation,S,0,1,Location,223561000,19700101,20991231,
18909324,ARMENIA,-1,,1.0,APPROVED,4330428,Armenia,SNOMED,Observation,S,0,1,Location,223645009,19700101,20991231,
140883696,ST BARTHELEMY,-1,,0.7060668468475342,APPROVED,4073038,St. Barthelemy,SNOMED,Observation,S,0,1,Location,223400004,19700101,20991231,
18917169,ST HELENA & ASCENTION,-1,,0.27567780017852783,UNCHECKED,4021520,Accident and Emergency department,SNOMED,Observation,S,2,1,Location,225728007,19700101,20991231,
18909325,BAHRAIN,-1,,1.0,APPROVED,4329587,Bahrain,SNOMED,Observation,S,0,1,Location,223606004,19700101,20991231,
446994085,"CARIBBEAN, NFD",-1,,0.5183593034744263,APPROVED,4071849,Caribbean country,SNOMED,Observation,S,14,1,Location,223697002,19700101,20991231,
18909326,BARBADOS,-1,,1.0,APPROVED,4072760,Barbados,SNOMED,Observation,S,0,1,Location,223700003,19700101,20991231,
140884220,ST MARTIN (FRENCH PART),-1,,0.3009285628795624,UNCHECKED,4071997,French Guiana,SNOMED,Observation,S,0,1,Location,223853004,19700101,20991231,
18917170,ST KITTS-NEVIS (ST CHRISTOPHER),-1,,0.3768666982650757,APPROVED,4071851,St. Kitts and Nevis,SNOMED,Observation,S,0,1,Location,223708005,19700101,20991231,
18909330,BELARUS,-1,,0.37696415185928345,UNCHECKED,4320317,Belorussia,SNOMED,Observation,S,0,1,Location,223647001,19700101,20991231,
18909331,BELIZE,-1,,1.0,APPROVED,4330443,Belize,SNOMED,Observation,S,0,1,Location,223690000,19700101,20991231,
18917178,ST LUCIA,-1,,0.5216483473777771,APPROVED,4071852,St. Lucia,SNOMED,Observation,S,0,1,Location,223709002,19700101,20991231,
18916539,MOLDOVA (MOLDAVIA),-1,,0.6264378428459167,APPROVED,4320320,Moldavia,SNOMED,Observation,S,0,1,Location,223654007,19700101,20991231,
14835603,"KOREA, Democratic People's Republic (Nth",-1,,0.7996020317077637,APPROVED,4320304,Democratic people's republic of Korea,SNOMED,Observation,S,0,1,Location,223582006,19700101,20991231,
18909334,BENIN,-1,,1.0,APPROVED,4071845,Benin,SNOMED,Observation,S,0,1,Location,223553005,19700101,20991231,
18916542,MONACO (MONTE CARLO),-1,,0.421474426984787,APPROVED,4329604,Monaco,SNOMED,Observation,S,0,1,Location,223671008,19700101,20991231,
18909335,BHUTAN,-1,,1.0,APPROVED,4330327,Bhutan,SNOMED,Observation,S,0,1,Location,223599007,19700101,20991231,
32946073,"YUGOSLAVIA, FEDERAL REPUBLIC OF",-1,,0.7199063301086426,APPROVED,4075633,Yugoslavia,SNOMED,Observation,S,0,1,Location,223684004,19700101,20991231,
18916547,MONGOLIA,-1,,1.0,APPROVED,4329981,Mongolia,SNOMED,Observation,S,0,1,Location,223575007,19700101,20991231,
18917184,ST PIERRE AND MIQUELON,-1,,0.22245511412620544,UNCHECKED,4071716,Hierro,SNOMED,Observation,S,0,1,Location,223381003,19700101,20991231,
18909336,AT SEA,-1,,0.6626086831092834,APPROVED,4023216,Sea,SNOMED,Observation,S,2,1,Location,225742004,19700101,20991231,
32946399,PALESTINE,-1,,0.39420053362846375,UNCHECKED,4329605,Wales,SNOMED,Observation,S,0,1,Location,223683005,19700101,20991231,
18916552,MONTSERRAT,-1,,0.7609305381774902,APPROVED,4072013,Montserrat island,SNOMED,Observation,S,0,2,Location,223391009,19700101,20991231,
18909339,BOTSWANA,-1,,1.0,APPROVED,4072753,Botswana,SNOMED,Observation,S,0,1,Location,223547005,19700101,20991231,
18916556,MOZAMBIQUE,-1,,1.0,APPROVED,4072752,Mozambique,SNOMED,Observation,S,0,1,Location,223542004,19700101,20991231,
22654093,935,-1,,0.0,UNCHECKED,0,Unmapped,,,,0,0,,,,,
18916557,NAMIBIA,-1,,1.0,APPROVED,4071843,Namibia,SNOMED,Observation,S,0,1,Location,223545002,19700101,20991231,
18909341,BRUNEI,-1,,1.0,APPROVED,4329579,Brunei,SNOMED,Observation,S,0,1,Location,223586009,19700101,20991231,
18917187,ST VINCENT AND THE GRENADINES,-1,,0.7712928056716919,APPROVED,4075643,St. Vincent and the Grenadines,SNOMED,Observation,S,0,1,Location,223710007,19700101,20991231,
22978865,010,-1,,0.02506621554493904,UNCHECKED,4074612,Tenth floor,SNOMED,Observation,S,0,1,Location,224913007,19700101,20991231,
18916558,NAURU,-1,,1.0,APPROVED,4320312,Nauru,SNOMED,Observation,S,0,1,Location,223624002,19700101,20991231,
18917194,SURINAME,-1,,1.0,APPROVED,4075647,Suriname,SNOMED,Observation,S,0,1,Location,223722005,19700101,20991231,
18909343,BURKINA FASO,-1,,1.0,APPROVED,4075209,Burkina Faso,SNOMED,Observation,S,0,1,Location,223554004,19700101,20991231,
18917197,SWAZILAND,-1,,1.0,APPROVED,4075208,Swaziland,SNOMED,Observation,S,0,1,Location,223550008,19700101,20991231,
18916478,ISLE OF MAN,-1,,1.0,APPROVED,4073905,Isle of Man,SNOMED,Observation,S,0,1,Location,223912006,19700101,20991231,
20141360,AUSTRALIAN ANTARCTIC TERRITORY,-1,,0.663097083568573,APPROVED,4072104,Antarctica,SNOMED,Observation,S,0,1,Location,223499005,19700101,20991231,
18909345,BURMA (MYANMAR),-1,,0.5487222075462341,APPROVED,4329580,Burma,SNOMED,Observation,S,0,1,Location,223587000,19700101,20991231,
18917201,TAJIKISTAN,-1,,1.0,APPROVED,4329576,Tajikistan,SNOMED,Observation,S,0,1,Location,223577004,19700101,20991231,
18916483,JAMAICA,-1,,1.0,APPROVED,4072762,Jamaica,SNOMED,Observation,S,0,1,Location,223706009,19700101,20991231,
18909350,BURUNDI,-1,,1.0,APPROVED,4072107,Burundi,SNOMED,Observation,S,0,1,Location,223520000,19700101,20991231,
18917203,TANZANIA,-1,,1.0,APPROVED,4072112,Tanzania,SNOMED,Observation,S,0,1,Location,223537007,19700101,20991231,
18916487,KAZAKHSTAN,-1,,1.0,APPROVED,4329574,Kazakhstan,SNOMED,Observation,S,0,1,Location,223573000,19700101,20991231,
20141368,BRITISH ANTARCTIC TERRITORY,-1,,0.5198054909706116,APPROVED,4072104,Antarctica,SNOMED,Observation,S,0,1,Location,223499005,19700101,20991231,
18917205,TOGO,-1,,1.0,APPROVED,4320302,Togo,SNOMED,Observation,S,0,1,Location,223570002,19700101,20991231,
18909352,CAMEROON,-1,,1.0,APPROVED,4075199,Cameroon,SNOMED,Observation,S,0,1,Location,223521001,19700101,20991231,
18916488,KIRIBATI,-1,,1.0,APPROVED,4320160,Kiribati,SNOMED,Observation,S,0,1,Location,223623008,19700101,20991231,
18909353,BERMUDA,-1,,1.0,APPROVED,4329858,Bermuda,SNOMED,Observation,S,0,3,Location,223360003,19700101,20991231,
18917208,TOKELAU,-1,,0.299404501914978,UNCHECKED,4148509,Stroke unit,SNOMED,Observation,S,0,1,Location,309966001,19700101,20991231,
18916491,KYRGYZSTAN,-1,,1.0,APPROVED,4320303,Kyrgyzstan,SNOMED,Observation,S,0,1,Location,223574006,19700101,20991231,
20141373,CHILEAN ANTARCTIC TERRITORY,-1,,0.5289028882980347,APPROVED,4072104,Antarctica,SNOMED,Observation,S,0,1,Location,223499005,19700101,20991231,
18909356,ALBANIA,-1,,1.0,APPROVED,4320165,Albania,SNOMED,Observation,S,0,1,Location,223644008,19700101,20991231,
18916496,LESOTHO,-1,,1.0,APPROVED,4075207,Lesotho,SNOMED,Observation,S,0,1,Location,223548000,19700101,20991231,
18917211,TRINIDAD AND TOBAGO,-1,,1.0,APPROVED,4075644,Trinidad and Tobago,SNOMED,Observation,S,0,1,Location,223711006,19700101,20991231,
18909359,ANDORRA,-1,,1.0,APPROVED,4320322,Andorra,SNOMED,Observation,S,0,1,Location,223659002,19700101,20991231,
18916507,LIBYA,-1,,1.0,APPROVED,4072106,Libya,SNOMED,Observation,S,0,1,Location,223512002,19700101,20991231,
20141379,QUEEN MAUD LAND (NORWAY),-1,,0.4956742227077484,APPROVED,4328758,Norway,SNOMED,Observation,S,0,1,Location,223673006,19700101,20991231,
18909363,ARUBA,-1,,1.0,APPROVED,4073033,Aruba,SNOMED,Observation,S,0,2,Location,223358000,19700101,20991231,
18917218,TUNISIA,-1,,1.0,APPROVED,4075197,Tunisia,SNOMED,Observation,S,0,1,Location,223514001,19700101,20991231,
18916513,LIECHTENSTEIN,-1,,1.0,APPROVED,4330425,Liechtenstein,SNOMED,Observation,S,0,1,Location,223639001,19700101,20991231,
18916443,GUAM,-1,,1.0,APPROVED,4073025,Guam,SNOMED,Observation,S,0,1,Location,224009003,19700101,20991231,
20141701,ROSS DEPENDENCY (NEW ZEALAND),-1,,0.6402423977851868,APPROVED,4329593,New Zealand,SNOMED,Observation,S,0,1,Location,223625001,19700101,20991231,
18917221,TURKMENISTAN,-1,,1.0,APPROVED,4320150,Turkmenistan,SNOMED,Observation,S,0,1,Location,223578009,19700101,20991231,
18916516,MACAU,-1,,0.23535795509815216,UNCHECKED,4208477,Former Yugoslav Republic of Macedonia,SNOMED,Observation,S,0,1,Location,439341006,20090131,20991231,
18916449,GUATEMALA,-1,,1.0,APPROVED,4072757,Guatemala,SNOMED,Observation,S,0,1,Location,223693003,19700101,20991231,
20148834,SOUTH AMERICA - nec,-1,,0.7587518095970154,APPROVED,4073734,South America,SNOMED,Observation,S,0,1,Location,223504005,19700101,20991231,
18916520,MADAGASCAR,-1,,1.0,APPROVED,4071839,Madagascar,SNOMED,Observation,S,0,1,Location,223535004,19700101,20991231,
18916451,GUINEA,-1,,0.6002928614616394,UNCHECKED,4071846,Equatorial Guinea,SNOMED,Observation,S,0,1,Location,223556002,19700101,20991231,
18917224,TURKS AND CAICOS ISLANDS,-1,,0.7792606353759766,APPROVED,4074631,Turks island,SNOMED,Observation,S,0,2,Location,223996008,19700101,20991231,
20552078,931,-1,,0.0,UNCHECKED,0,Unmapped,,,,0,0,,,,,
18916521,MALAWI,-1,,1.0,APPROVED,4072113,Malawi,SNOMED,Observation,S,0,1,Location,223540007,19700101,20991231,
18916456,GUINEA-BISSAU,-1,,1.0,APPROVED,4075212,Guinea-Bissau,SNOMED,Observation,S,0,1,Location,223560004,19700101,20991231,
18917227,TUVALU,-1,,1.0,APPROVED,4320313,Tuvala,SNOMED,Observation,S,0,1,Location,223629007,19700101,20991231,
18916459,GUYANA,-1,,1.0,APPROVED,4075646,Guyana,SNOMED,Observation,S,0,1,Location,223719008,19700101,20991231,
18916522,MALI,-1,,1.0,APPROVED,4072755,Mali,SNOMED,Observation,S,0,1,Location,223563002,19700101,20991231,
18917231,UZBEKISTAN,-1,,1.0,APPROVED,4329577,Uzbekistan,SNOMED,Observation,S,0,1,Location,223579001,19700101,20991231,
446994110,CURACAO,-1,,1.0,APPROVED,4319289,Curacao,SNOMED,Observation,S,0,2,Location,223370001,19700101,20991231,
18916462,HAITI,-1,,1.0,APPROVED,4072761,Haiti,SNOMED,Observation,S,0,1,Location,223705008,19700101,20991231,
18916524,MARSHALL ISLANDS,-1,,0.7329930663108826,APPROVED,40479978,Republic of the Marshall Islands,SNOMED,Observation,S,0,1,Location,441608000,20090731,20991231,
20750948,1599,-1,,0.0,UNCHECKED,0,Unmapped,,,,0,0,,,,,
18916525,MARTINIQUE,-1,,0.7220000624656677,APPROVED,4073035,Martinique island,SNOMED,Observation,S,0,1,Location,223390005,19700101,20991231,
18917232,VIRGIN ISLANDS (UNITED STATES),-1,,0.6847251653671265,APPROVED,4072461,US Virgin island,SNOMED,Observation,S,3,1,Location,224004008,19700101,20991231,
18916463,HOLY SEE,-1,,0.2575590908527374,UNCHECKED,4225167,Tennessee,SNOMED,Observation,S,0,1,Location,420941001,19700101,20991231,
446994038,"CENTRAL AMERICA, NFD",-1,,0.3673211932182312,APPROVED,4320297,Central American country,SNOMED,Observation,S,7,1,Location,223689009,19700101,20991231,
18916528,MAURITANIA,-1,,1.0,APPROVED,4072756,Mauritania,SNOMED,Observation,S,0,1,Location,223564008,19700101,20991231,
18916466,HONDURAS,-1,,1.0,APPROVED,4075638,Honduras,SNOMED,Observation,S,0,1,Location,223694009,19700101,20991231,
18917236,WALLIS AND FUTUNA,-1,,0.795256495475769,APPROVED,4075069,Wallis and Futuna islands,SNOMED,Observation,S,0,2,Location,223410008,19700101,20991231,
18916531,MAYOTTE,-1,,1.0,APPROVED,37396222,Mayotte,SNOMED,Observation,S,0,1,Location,715953005,20160731,20991231,
20729650,966,-1,,0.0,UNCHECKED,0,Unmapped,,,,0,0,,,,,
18916470,ICELAND,-1,,1.0,APPROVED,4330436,Iceland,SNOMED,Observation,S,0,1,Location,223667005,19700101,20991231,
18916536,MEXICO,-1,,1.0,APPROVED,4075636,Mexico,SNOMED,Observation,S,0,1,Location,223687006,19700101,20991231,
18917237,WESTERN SAHARA,-1,,0.5589030981063843,UNCHECKED,4254653,Sub-Saharan Africa,SNOMED,Observation,S,0,1,Location,409988000,19700101,20991231,
21800358,930,-1,,0.0,UNCHECKED,0,Unmapped,,,,0,0,,,,,
18916473,INADEQUATELY DESCRIBED,-1,,0.24174991250038147,UNCHECKED,4071846,Equatorial Guinea,SNOMED,Observation,S,0,1,Location,223556002,19700101,20991231,
18916434,GREENLAND,-1,,0.4663175940513611,APPROVED,4330435,Denmark,SNOMED,Observation,S,0,1,Location,223663009,19700101,20991231,
18917239,YEMEN,-1,,0.5507646203041077,APPROVED,4320311,Yemen Arab Republic,SNOMED,Observation,S,0,1,Location,223619000,19700101,20991231,
18917241,ZAMBIA,-1,,1.0,APPROVED,4071838,Zambia,SNOMED,Observation,S,0,1,Location,223531008,19700101,20991231,
446993073,"SERBIA AND MONTENEGRO, NFD",-1,,0.46778979897499084,UNCHECKED,40483631,Montenegro,SNOMED,Observation,S,0,1,Location,442522008,20090731,20991231,
18916439,GRENADA,-1,,1.0,APPROVED,4075642,Grenada,SNOMED,Observation,S,0,1,Location,223704007,19700101,20991231,
15150497,"KOREA, Republic of (Sth)",-1,,0.5908172130584717,APPROVED,4330323,Republic of Korea,SNOMED,Observation,S,0,1,Location,223584007,19700101,20991231,
18962905,AZERBAIJAN,-1,,1.0,APPROVED,4320316,Azerbaijan,SNOMED,Observation,S,0,1,Location,223646005,19700101,20991231,
20615889,9000,-1,,0.0,UNCHECKED,0,Unmapped,,,,0,0,,,,,
14823136,COLOMBIA,-1,,1.0,APPROVED,4073753,Colombia,SNOMED,Observation,S,0,1,Location,223717005,19700101,20991231,
20618336,166,-1,,0.0,UNCHECKED,0,Unmapped,,,,0,0,,,,,
15150503,RUSSIAN FEDERATION (NOT USSR),-1,,0.4997469484806061,UNCHECKED,4320167,Russian federation - Europe,SNOMED,Observation,S,0,1,Location,223656009,19700101,20991231,
15415333,FRANCE,-1,,1.0,APPROVED,4320324,France,SNOMED,Observation,S,0,1,Location,223666001,19700101,20991231,
14823165,MALAYSIA,-1,,1.0,APPROVED,4330325,Malaysia,SNOMED,Observation,S,0,1,Location,223591005,19700101,20991231,
14739179,SYRIA,-1,,1.0,APPROVED,4320310,Syria,SNOMED,Observation,S,0,1,Location,223617003,19700101,20991231,
20872956,912,-1,,0.0,UNCHECKED,0,Unmapped,,,,0,0,,,,,
15415361,CZECH REPUBLIC,-1,,1.0,APPROVED,4320163,Czech republic,SNOMED,Observation,S,0,1,Location,223636008,19700101,20991231,
14823170,KENYA,-1,,1.0,APPROVED,4075204,Kenya,SNOMED,Observation,S,0,1,Location,223534000,19700101,20991231,
15441483,ALGERIA,-1,,1.0,APPROVED,4072105,Algeria,SNOMED,Observation,S,0,1,Location,223510005,19700101,20991231,
14833637,NORWAY,-1,,1.0,APPROVED,4328758,Norway,SNOMED,Observation,S,0,1,Location,223673006,19700101,20991231,
20141338,ADELIE LAND (FRANCE),-1,,0.4177621901035309,APPROVED,4320324,France,SNOMED,Observation,S,0,1,Location,223666001,19700101,20991231,
14740470,FORMER YUGOSLAV REPUBLIC OF MACEDONIA,-1,,1.0,APPROVED,4208477,Former Yugoslav Republic of Macedonia,SNOMED,Observation,S,0,1,Location,439341006,20090131,20991231,
14835380,NETHERLANDS,-1,,1.0,APPROVED,4320169,Netherlands,SNOMED,Observation,S,0,1,Location,223672001,19700101,20991231,
18909370,CENTRAL AFRICAN REPUBLIC,-1,,1.0,APPROVED,4073740,Central African Republic,SNOMED,Observation,S,0,1,Location,223522008,19700101,20991231,
14742831,807,-1,,0.0,UNCHECKED,0,Unmapped,,,,0,0,,,,,
20141353,ARGENTINIAN ANTARCTIC TERRITORY,-1,,0.5197682976722717,APPROVED,4072104,Antarctica,SNOMED,Observation,S,0,1,Location,223499005,19700101,20991231,
14835617,992 - FORMER YUGOSLAVIA NFD,-1,,0.6015424728393555,APPROVED,4075633,Yugoslavia,SNOMED,Observation,S,0,1,Location,223684004,19700101,20991231,
14743432,ESTONIA,-1,,1.0,APPROVED,4320166,Estonia,SNOMED,Observation,S,0,1,Location,223650003,19700101,20991231,
14837951,LAOS,-1,,1.0,APPROVED,4329583,Laos,SNOMED,Observation,S,0,1,Location,223590006,19700101,20991231,
18916401,FRENCH POLYNESIA (INCL TAHITI),-1,,0.5092031359672546,APPROVED,4329862,French Polynesian island,SNOMED,Observation,S,4,2,Location,223372009,19700101,20991231,
446993855,"NORTH AFRICA, NFD",-1,,0.5106602311134338,APPROVED,4073736,North African country,SNOMED,Observation,S,5,1,Location,223509000,19700101,20991231,
15662959,ECUADOR,-1,,1.0,APPROVED,4071854,Ecuador,SNOMED,Observation,S,0,1,Location,223718000,19700101,20991231,
14837982,AFGHANISTAN,-1,,1.0,APPROVED,4320153,Afghanistan,SNOMED,Observation,S,0,1,Location,223597009,19700101,20991231,
446992818,"CZECHOSLOVAKIA, NFD",-1,,0.5840541124343872,UNCHECKED,4329598,Slovakia,SNOMED,Observation,S,0,1,Location,223641000,19700101,20991231,
446992999,"EAST ASIA, NFD",-1,,0.3387186527252197,APPROVED,4329578,Far east country,SNOMED,Observation,S,6,1,Location,223580003,19700101,20991231,
16435907,ZIMBABWE,-1,,1.0,APPROVED,4073744,Zimbabwe,SNOMED,Observation,S,0,1,Location,223551007,19700101,20991231,
14837986,4217,-1,,0.0,UNCHECKED,0,Unmapped,,,,0,0,,,,,
18244961,COOK ISLANDS,-1,,0.5955864191055298,UNCHECKED,4123208,Island,SNOMED,Observation,S,0,1,Location,288560006,19700101,20991231,
18633348,NICARAGUA,-1,,1.0,APPROVED,4072758,Nicaragua,SNOMED,Observation,S,0,1,Location,223695005,19700101,20991231,
14712800,PAKISTAN,-1,,1.0,APPROVED,4329586,Pakistan,SNOMED,Observation,S,0,1,Location,223603007,19700101,20991231,
14838029,LITHUANIA,-1,,1.0,APPROVED,4329600,Lithuania,SNOMED,Observation,S,0,1,Location,223653001,19700101,20991231,
446994091,"BONAIRE, SINT EUSTATIUS AND SABA",-1,,0.45115527510643005,UNCHECKED,4329167,Bonaire,SNOMED,Observation,S,0,2,Location,223361004,19700101,20991231,
23053393,911,-1,,0.0,UNCHECKED,0,Unmapped,,,,0,0,,,,,
14713839,SWITZERLAND,-1,,1.0,APPROVED,4330427,Switzerland,SNOMED,Observation,S,0,1,Location,223642007,19700101,20991231,
14661971,TONGA,-1,,1.0,APPROVED,4330421,Tonga,SNOMED,Observation,S,0,1,Location,223628004,19700101,20991231,
14575348,ENGLAND,-1,,1.0,APPROVED,4320168,England,SNOMED,Observation,S,0,1,Location,223664003,19700101,20991231,
14894808,LATVIA,-1,,1.0,APPROVED,4320319,Latvia,SNOMED,Observation,S,0,1,Location,223652006,19700101,20991231,
14575768,MALTA,-1,,1.0,APPROVED,4330437,Malta,SNOMED,Observation,S,0,1,Location,223670009,19700101,20991231,
14575803,POLAND,-1,,1.0,APPROVED,4329597,Poland,SNOMED,Observation,S,0,1,Location,223640004,19700101,20991231,
17048375,NOT ELSEWHERE CLASSIFIED,-1,,0.1795160323381424,UNCHECKED,4111062,Third rail electrified line,SNOMED,Observation,S,0,1,Location,285091009,19700101,20991231,
14917226,AUSTRIA,-1,,1.0,APPROVED,4329596,Austria,SNOMED,Observation,S,0,1,Location,223635007,19700101,20991231,
18351449,MOROCCO,-1,,1.0,APPROVED,4071834,Morocco,SNOMED,Observation,S,0,1,Location,223513007,19700101,20991231,
14575875,"SAMOA, AMERICAN",-1,,0.4891638159751892,APPROVED,4073023,American Samoan island,SNOMED,Observation,S,2,1,Location,224001000,19700101,20991231,
18916353,DEMOCRATIC REPUBLIC OF CONGO,-1,,0.6715593934059143,APPROVED,4072108,Congo,SNOMED,Observation,S,0,1,Location,223524009,19700101,20991231,
18909274,SWEDEN,-1,,1.0,APPROVED,4330441,Sweden,SNOMED,Observation,S,0,1,Location,223681007,19700101,20991231,
17527380,LUXEMBOURG,-1,,1.0,APPROVED,4329602,Luxembourg,SNOMED,Observation,S,0,1,Location,223669008,19700101,20991231,
18916566,NEW CALEDONIA,-1,,1.0,APPROVED,4075062,New Caledonia,SNOMED,Observation,S,0,2,Location,223393007,19700101,20991231,
14575938,LEBANON,-1,,1.0,APPROVED,4329590,Lebanon,SNOMED,Observation,S,0,1,Location,223612009,19700101,20991231,
16499560,SEYCHELLES,-1,,1.0,APPROVED,4072111,Seychelles,SNOMED,Observation,S,0,1,Location,223536003,19700101,20991231,
17343431,NORTHERN IRELAND,-1,,1.0,APPROVED,4328759,Northern Ireland,SNOMED,Observation,S,0,1,Location,223674000,19700101,20991231,
14852343,SPAIN,-1,,1.0,APPROVED,4328760,Spain,SNOMED,Observation,S,0,1,Location,223680008,19700101,20991231,
18916361,ERITREA,-1,,0.6453521847724915,APPROVED,40481806,State of Eritrea,SNOMED,Observation,S,0,1,Location,442064002,20090731,20991231,
18916569,NIGER,-1,,1.0,APPROVED,4075200,Niger,SNOMED,Observation,S,0,1,Location,223526006,19700101,20991231,
446993552,"MICRONESIA, NFD",-1,,0.32254353165626526,APPROVED,40479631,Federated States of Micronesia,SNOMED,Observation,S,0,1,Location,441580000,20090731,20991231,
18909392,DJIBOUTI,-1,,1.0,APPROVED,4073739,Djibouti,SNOMED,Observation,S,0,1,Location,223516004,19700101,20991231,
18916573,NIGERIA,-1,,1.0,APPROVED,4073748,Nigeria,SNOMED,Observation,S,0,1,Location,223565009,19700101,20991231,
14852352,PAPUA NEW GUINEA,-1,,1.0,APPROVED,4320161,Papua New Guinea,SNOMED,Observation,S,0,1,Location,223626000,19700101,20991231,
446993940,"MIDDLE EAST, NFD",-1,,0.5055715441703796,APPROVED,4330415,Middle east country,SNOMED,Observation,S,14,1,Location,223605000,19700101,20991231,
14855171,TAIWAN,-1,,1.0,APPROVED,4178927,Taiwan,SNOMED,Observation,S,0,1,Location,428675004,20080131,20991231,
18916574,NIUE,-1,,0.056477565318346024,UNCHECKED,4075804,Quebec,SNOMED,Observation,S,0,1,Location,224022006,19700101,20991231,
18909393,DOMINICAN REPUBLIC,-1,,1.0,APPROVED,4075641,Dominican Republic,SNOMED,Observation,S,0,1,Location,223703001,19700101,20991231,
446993161,"CHANNEL ISLANDS, NFD",-1,,0.6937030553817749,APPROVED,4319287,Channel islands,SNOMED,Observation,S,4,1,Location,223367000,19700101,20991231,
14855540,ISRAEL,-1,,1.0,APPROVED,4320157,Israel,SNOMED,Observation,S,0,1,Location,223609006,19700101,20991231,
18916578,NORFOLK ISLAND,-1,,0.6997120976448059,APPROVED,4072907,Norfolk,SNOMED,Observation,S,0,1,Location,223891004,19700101,20991231,
15467258,MALDIVES,-1,,1.0,APPROVED,4329585,Maldives,SNOMED,Observation,S,0,1,Location,223601009,19700101,20991231,
446993345,"NETHERLANDS ANTILLES, NFD",-1,,0.5667852163314819,APPROVED,4071813,Lesser Antilles island,SNOMED,Observation,S,11,3,Location,223389001,19700101,20991231,
17571717,BALTIC STATES,-1,,0.41248196363449097,UNCHECKED,4161694,State,SNOMED,Observation,S,0,1,Location,398070004,19700101,20991231,
18917093,"NORTH AFRICA, NEC",-1,,0.6294194459915161,APPROVED,4073736,North African country,SNOMED,Observation,S,5,1,Location,223509000,19700101,20991231,
18909303,"AMERICAS, NFD",-1,,0.22244082391262054,UNCHECKED,4075195,North America,SNOMED,Observation,S,0,1,Location,223503004,19700101,20991231,
446993824,"UNITED KINGDOM, CHANNEL ISL, ISLEMAN NFD",-1,,0.3415542244911194,APPROVED,4073020,Islands of United Kingdom of Great Britain and Northern Ireland,SNOMED,Observation,S,7,1,Location,223991003,19700101,20991231,
18916411,GAMBIA,-1,,0.815579354763031,APPROVED,4329867,The Gambia,SNOMED,Observation,S,0,1,Location,223569003,19700101,20991231,
18909317,ANGOLA,-1,,1.0,APPROVED,4075205,Angola,SNOMED,Observation,S,0,1,Location,223544003,19700101,20991231,
18917094,NORTHERN MARIANA ISLANDS,-1,,0.5840449333190918,UNCHECKED,4073887,Ionian island,SNOMED,Observation,S,5,1,Location,223824000,19700101,20991231,
14599029,VIETNAM,-1,,1.0,APPROVED,4330326,Vietnam,SNOMED,Observation,S,0,1,Location,223595001,19700101,20991231,
18916561,NEPAL,-1,,1.0,APPROVED,4330329,Nepal,SNOMED,Observation,S,0,1,Location,223602002,19700101,20991231,
14605559,NEW ZEALAND,-1,,1.0,APPROVED,4329593,New Zealand,SNOMED,Observation,S,0,1,Location,223625001,19700101,20991231,
18909318,ANGUILLLA,-1,,0.5227632522583008,APPROVED,4072008,Anguilla island,SNOMED,Observation,S,0,2,Location,223356001,19700101,20991231,
18916563,NETHERLANDS ANTILLES,-1,,0.7906962037086487,APPROVED,4071813,Lesser Antilles island,SNOMED,Observation,S,11,3,Location,223389001,19700101,20991231,
18917096,"OCEANIA AND ANTARCTICA, NFD",-1,,0.4545499384403229,UNCHECKED,4073732,Australasia,SNOMED,Observation,S,0,1,Location,223501002,19700101,20991231,
14617045,GERMANY,-1,,1.0,APPROVED,4330424,Germany,SNOMED,Observation,S,0,1,Location,223637004,19700101,20991231,
18909321,ANTIGUA AND BARBUDA,-1,,1.0,APPROVED,4071850,Antigua and Barbuda,SNOMED,Observation,S,0,1,Location,223698007,19700101,20991231,
20358779,952,-1,,0.0,UNCHECKED,0,Unmapped,,,,0,0,,,,,
18917097,OMAN,-1,,1.0,APPROVED,4330416,Oman,SNOMED,Observation,S,0,1,Location,223613004,19700101,20991231,
16025841,COSTA RICA,-1,,1.0,APPROVED,4330444,Costa Rica,SNOMED,Observation,S,0,1,Location,223691001,19700101,20991231,
14579116,IRAQ,-1,,1.0,APPROVED,4320308,Iraq,SNOMED,Observation,S,0,1,Location,223608003,19700101,20991231,
18917098,PALAU,-1,,0.4852910041809082,APPROVED,40481808,Republic of Palau,SNOMED,Observation,S,0,1,Location,442066000,20090731,20991231,
20359795,932,-1,,0.0,UNCHECKED,0,Unmapped,,,,0,0,,,,,
18917102,PANAMA,-1,,1.0,APPROVED,4073749,Panama,SNOMED,Observation,S,0,1,Location,223696006,19700101,20991231,
16029423,"SOUTHERN & EAST AFRICA, NEC",-1,,0.5245776772499084,APPROVED,4073743,South Africa,SNOMED,Observation,S,0,1,Location,223549008,19700101,20991231,
14579127,ARGENTINA,-1,,1.0,APPROVED,4073750,Argentina,SNOMED,Observation,S,0,1,Location,223713009,19700101,20991231,
20364006,203,-1,,0.0,UNCHECKED,0,Unmapped,,,,0,0,,,,,
16227452,IRELAND,-1,,0.5276464223861694,APPROVED,4330436,Iceland,SNOMED,Observation,S,0,1,Location,223667005,19700101,20991231,
18917105,PARAGUAY,-1,,1.0,APPROVED,4072764,Paraguay,SNOMED,Observation,S,0,1,Location,223720002,19700101,20991231,
14579142,PHILIPPINES,-1,,1.0,APPROVED,4320305,Philippines,SNOMED,Observation,S,0,1,Location,223592003,19700101,20991231,
140893932,AFRIKAANS,-1,,0.42840665578842163,UNCHECKED,4071830,Africa,SNOMED,Observation,S,0,1,Location,223498002,19700101,20991231,
14624108,SCOTLAND,-1,,1.0,APPROVED,4330439,Scotland,SNOMED,Observation,S,0,1,Location,223678002,19700101,20991231,
18917112,POLYNESIA (EXCL HAWAII) NEC,-1,,0.40570157766342163,UNCHECKED,4073340,Hawaii state,SNOMED,Observation,S,0,1,Location,224049006,19700101,20991231,
14624661,IRAN,-1,,1.0,APPROVED,4329588,Iran,SNOMED,Observation,S,0,1,Location,223607008,19700101,20991231,
446992631,NOT STATED,-1,,0.5087184906005859,UNCHECKED,4161694,State,SNOMED,Observation,S,0,1,Location,398070004,19700101,20991231,
14579174,SERBIA AND MONTENEGRO,-1,,0.6921990513801575,UNCHECKED,40483631,Montenegro,SNOMED,Observation,S,0,1,Location,442522008,20090731,20991231,
14646305,HONG KONG,-1,,1.0,APPROVED,4072011,Hong Kong,SNOMED,Observation,S,0,1,Location,223382005,19700101,20991231,
18916414,GAZA STRIP & WEST BANK,-1,,0.3192918300628662,UNCHECKED,4119834,Bank,SNOMED,Observation,S,0,1,Location,257568008,19700101,20991231,
446993562,"ANTARCTICA, NFD",-1,,0.5308946967124939,APPROVED,4072104,Antarctica,SNOMED,Observation,S,0,1,Location,223499005,19700101,20991231,
14579179,"SAMOA, WESTERN",-1,,0.6359639763832092,APPROVED,4330422,Western Samoa,SNOMED,Observation,S,0,1,Location,223631003,19700101,20991231,
17763527,UGANDA,-1,,1.0,APPROVED,4071840,Uganda,SNOMED,Observation,S,0,1,Location,223538002,19700101,20991231,
14647080,EAST TIMOR,-1,,0.7092291712760925,APPROVED,40479979,Democratic Republic of Timor-Leste,SNOMED,Observation,S,0,1,Location,441609008,20090731,20991231,
14579206,URUGUAY,-1,,1.0,APPROVED,4075648,Uruguay,SNOMED,Observation,S,0,1,Location,223723000,19700101,20991231,
446993452,"MELANESIA, NFD",-1,,0.2670758366584778,UNCHECKED,4329582,Indonesia,SNOMED,Observation,S,0,1,Location,223589002,19700101,20991231,
17771475,BULGARIA,-1,,1.0,APPROVED,4330429,Bulgaria,SNOMED,Observation,S,0,1,Location,223648006,19700101,20991231,
14647340,SUDAN,-1,,1.0,APPROVED,4075198,Sudan,SNOMED,Observation,S,0,1,Location,223518003,19700101,20991231,
14579231,ITALY,-1,,1.0,APPROVED,4328757,Italy,SNOMED,Observation,S,0,1,Location,223668000,19700101,20991231,
17774991,VANUATU,-1,,1.0,APPROVED,4320314,Vanuatu,SNOMED,Observation,S,0,1,Location,223630002,19700101,20991231,
18909372,CHANNEL ISLANDS,-1,,1.0,APPROVED,4319287,Channel islands,SNOMED,Observation,S,4,1,Location,223367000,19700101,20991231,
14648142,INDONESIA,-1,,1.0,APPROVED,4329582,Indonesia,SNOMED,Observation,S,0,1,Location,223589002,19700101,20991231,
18916407,GABON,-1,,1.0,APPROVED,4072109,Gabon,SNOMED,Observation,S,0,1,Location,223525005,19700101,20991231,
17805857,BANGLADESH,-1,,1.0,APPROVED,4329584,Bangladesh,SNOMED,Observation,S,0,1,Location,223598004,19700101,20991231,
14656403,FIJI,-1,,1.0,APPROVED,4320159,Fiji,SNOMED,Observation,S,0,1,Location,223622003,19700101,20991231,
18916425,GEORGIA,-1,,1.0,APPROVED,4329171,Georgia,SNOMED,Observation,S,0,1,Location,223375006,19700101,20991231,
15226334,KUWAIT,-1,,1.0,APPROVED,4329589,Kuwait,SNOMED,Observation,S,0,1,Location,223611002,19700101,20991231,
18916372,ETHIOPIA,-1,,1.0,APPROVED,4071835,Ethiopia,SNOMED,Observation,S,0,1,Location,223517008,19700101,20991231,
18916426,GHANA,-1,,1.0,APPROVED,4073745,Ghana,SNOMED,Observation,S,0,1,Location,223557006,19700101,20991231,
14656842,GREECE,-1,,1.0,APPROVED,4330430,Greece,SNOMED,Observation,S,0,1,Location,223651004,19700101,20991231,
15235366,VENEZUELA,-1,,1.0,APPROVED,4075649,Venezuela,SNOMED,Observation,S,0,1,Location,223724006,19700101,20991231,
18916378,"EUROPE,NFD",-1,,0.32870495319366455,APPROVED,4073733,Europe,SNOMED,Observation,S,0,1,Location,223502009,19700101,20991231,
18916429,GIBRALTAR,-1,,1.0,APPROVED,40480022,Gibraltar,SNOMED,Observation,S,0,1,Location,441648008,20090731,20991231,
15261815,CANADA,-1,,1.0,APPROVED,4075635,Canada,SNOMED,Observation,S,0,1,Location,223686002,19700101,20991231,
14658405,CHINA (EXCL SARs AND TAIWAN),-1,,0.5660767555236816,APPROVED,4329982,China,SNOMED,Observation,S,0,1,Location,223581004,19700101,20991231,
18909394,DOMINICA,-1,,1.0,APPROVED,4075640,Commonwealth of Dominica,SNOMED,Observation,S,0,1,Location,223702006,19700101,20991231,
18697497,UNITED ARAB EMIRATES,-1,,1.0,APPROVED,4330418,United Arab Emirates,SNOMED,Observation,S,0,1,Location,223618008,19700101,20991231,
15286781,VIRGIN ISLANDS (BRITISH),-1,,0.6950360536575317,APPROVED,4071714,British Virgin island,SNOMED,Observation,S,3,3,Location,223363001,19700101,20991231,
15113954,SRI LANKA,-1,,1.0,APPROVED,4320156,Sri Lanka,SNOMED,Observation,S,0,1,Location,223604001,19700101,20991231,
14761805,CAMBODIA,-1,,1.0,APPROVED,4329581,Cambodia,SNOMED,Observation,S,0,1,Location,223588005,19700101,20991231,
15304704,BOLIVIA,-1,,1.0,APPROVED,4073751,Bolivia,SNOMED,Observation,S,0,1,Location,223714003,19700101,20991231,
18916349,"AUSTRALIAN EXTERNAL TERRITORIES, NEC",-1,,0.5710502862930298,UNCHECKED,4329592,Australia,SNOMED,Observation,S,0,1,Location,223621005,19700101,20991231,
15113967,CYPRUS,-1,,1.0,APPROVED,4329599,Cyprus,SNOMED,Observation,S,0,1,Location,223649003,19700101,20991231,
15309894,QATAR,-1,,1.0,APPROVED,4329591,Qatar,SNOMED,Observation,S,0,1,Location,223615006,19700101,20991231,
15128985,JAPAN,-1,,1.0,APPROVED,4329983,Japan,SNOMED,Observation,S,0,1,Location,223583001,19700101,20991231,
14957206,SOUTH AFRICA,-1,,1.0,APPROVED,4073743,South Africa,SNOMED,Observation,S,0,1,Location,223549008,19700101,20991231,
14780028,UNITED STATES OF AMERICA,-1,,1.0,APPROVED,4330442,United States of America,SNOMED,Observation,S,0,1,Location,223688001,19700101,20991231,
15135030,962 - UK NFD,-1,,0.15518198907375336,UNCHECKED,4073335,Arizona - US state,SNOMED,Observation,S,0,1,Location,224041009,19700101,20991231,
18916340,"ASIA, NFD",-1,,0.36469653248786926,APPROVED,4071831,Asia,SNOMED,Observation,S,0,1,Location,223500001,19700101,20991231,
18909373,COMOROS (EXCL MAYOTTE),-1,,0.6000754237174988,APPROVED,4075203,Comoros islands,SNOMED,Observation,S,0,1,Location,223533006,19700101,20991231,
14801814,BOSNIA-HERZEGOVINA,-1,,0.6505162119865417,APPROVED,4330434,Bosnia - Herzegovnia,SNOMED,Observation,S,0,1,Location,223661006,19700101,20991231,
18909371,CHAD,-1,,1.0,APPROVED,4073741,Chad,SNOMED,Observation,S,0,1,Location,223523003,19700101,20991231,
20429915,956,-1,,0.0,UNCHECKED,0,Unmapped,,,,0,0,,,,,
14819902,CROATIA,-1,,1.0,APPROVED,4329601,Croatia,SNOMED,Observation,S,0,1,Location,223662004,19700101,20991231,
446992901,"KURDISTAN, NFD",-1,,0.10660994797945023,UNCHECKED,4072896,Sardinia,SNOMED,Observation,S,0,1,Location,223839004,19700101,20991231,
15046426,UKRAINE,-1,,1.0,APPROVED,4320321,Ukraine,SNOMED,Observation,S,0,1,Location,223657000,19700101,20991231,
15325299,BRAZIL,-1,,1.0,APPROVED,4075645,Brazil,SNOMED,Observation,S,0,1,Location,223715002,19700101,20991231,
14823112,SLOVENIA,-1,,1.0,APPROVED,4320295,Slovenia,SNOMED,Observation,S,0,1,Location,223679005,19700101,20991231,
15053032,HUNGARY,-1,,1.0,APPROVED,4320164,Hungary,SNOMED,Observation,S,0,1,Location,223638009,19700101,20991231,
15341275,PORTUGAL,-1,,1.0,APPROVED,4320170,Portugal,SNOMED,Observation,S,0,1,Location,223675004,19700101,20991231,
15374508,FINLAND,-1,,1.0,APPROVED,4320323,Finland,SNOMED,Observation,S,0,1,Location,223665002,19700101,20991231,
446993995,"NORTHERN AMERICA, NFD",-1,,0.4497813582420349,APPROVED,4075195,North America,SNOMED,Observation,S,0,1,Location,223503004,19700101,20991231,
15378349,"AFRICA, NFD",-1,,0.5061183571815491,APPROVED,4071830,Africa,SNOMED,Observation,S,0,1,Location,223498002,19700101,20991231,
446994273,SINT MAARTEN (DUTCH PART),-1,,0.3637818396091461,APPROVED,4075066,St. Maarten,SNOMED,Observation,S,0,2,Location,223402007,19700101,20991231,
18835484,LIBERIA,-1,,1.0,APPROVED,4073747,Liberia,SNOMED,Observation,S,0,1,Location,223562007,19700101,20991231,
18916385,FEDERATED STATES OF MICRONESIA,-1,,1.0,APPROVED,40479631,Federated States of Micronesia,SNOMED,Observation,S,0,1,Location,441580000,20090731,20991231,
18845722,PERU,-1,,1.0,APPROVED,4072765,Peru,SNOMED,Observation,S,0,1,Location,223721003,19700101,20991231,
18916391,FRENCH GUIANA,-1,,1.0,APPROVED,4071997,French Guiana,SNOMED,Observation,S,0,1,Location,223853004,19700101,20991231,
19063558,5202,-1,,0.0,UNCHECKED,0,Unmapped,,,,0,0,,,,,
18916358,EQUATORIAL GUINEA,-1,,1.0,APPROVED,4071846,Equatorial Guinea,SNOMED,Observation,S,0,1,Location,223556002,19700101,20991231,
15415277,WALES,-1,,1.0,APPROVED,4329605,Wales,SNOMED,Observation,S,0,1,Location,223683005,19700101,20991231,
14575334,AUSTRALIA,-1,,1.0,APPROVED,4329592,Australia,SNOMED,Observation,S,0,1,Location,223621005,19700101,20991231,
